0, Background
1, Popular Science
2, Pilot G2 Blue Ink Pens
3, Meed Notebook
4, Always Ultra Thin Size 2
5, Clorox Disinfecting Wipes To GO
6, Doritos
7, Dawn Dish Soap
8, Bio True
9, Tums
10, U Kotex FITNESS
11, Kleenex
12, Degree Mens Ultraclear
13, AXE
14, Secret Fresh Ball
15, Dove Womans
16, Doritos Cool Ranch
17, Advil Gel
18, Tylenol
19, Airboure
20, Burt's Bees
21, Barilla Marinara Penne
22, Lipton Extra Noodle Soup Mix
23, Simply Asia Sesame Teriyaki Noodle Bowl
24, Simply Asia Spicy Kung Pao Noodle Bowl
25, Campbell's Chunky Pub Style Chicken Pot Pie
26, Campbell's Chunky Classic Chicken Noodle
27, Campbell's Chunky MAXX Black Angus Beef
28, Velveeta Cheesy Bowls Bacon Mac & Cheese
29, Popchips Barbeque
30, Cheetos crunchy
31, Popchips Sour Cream and Onion
32, Popchips Sea Salt
33, Slim Jim
34, Bumble Bee Spicy Thai Chili
35, Wonderful Pistachios
36, Snack Factory Pretzel CrispsEverything
37, Pringles BBQ
38, Pringles Sour Cream & Onion
39, Pringles Cheddar Cheese
40, Pringles Original
41, Clif Bar- choc chip
42, Clif BarÂ - Oatmeal raisin walnut
43, Clif Bar- crunchy peanut butter
44, M&Ms
45, Almond Joy
46, Haribo Gummies
47, Lay's classic
48, Clif Bar- Chocolate brownie
49, Fritos
50, Stacys Pita Chips
51, Nutter Butter
52, Karamucho Hot Chili
53, Kettle Chips - Dill Pickle
54, Dr Pepper
55, Sprite
56, Coca Cola
57, Gatorade Lemon Lime
58, bai Malawi Mango
59, bai Ipanena Pomegranate
60, bai Costa Rica Clementine
61, bai Kewla Watermellon
62, Lay's BBQ
63, Carnation Breakfast Essentials Rich Milk Chocolate
64, Froot Loops
65, Frosted Flakes
66, M&M Peanut
67, Sour Patch Kids
68, Skittles Sour
69, Skittles
70, Altoids
71, Nestle Crunch
72, KitKat
